order_id,customer_id,order_date,ship_date,delivery_date,status,warehouse_id,total_amount,discount_pct,payment_method,delivery_city,is_on_time
ORD00001,CUST0119,2024-09-12,,,Backordered,WH01,4063.45,5,UPI,Hyderabad,
ORD00002,CUST0047,2024-07-19,2024-07-21,,Confirmed,WH04,10764.03,10,Net Banking,Mumbai,
ORD00003,CUST0183,2024-03-03,,,Backordered,WH04,4709.86,15,Credit Card,Mumbai,
ORD00004,CUST0171,2024-04-11,2024-04-12,2024-04-18,Delivered,WH04,5752.98,10,COD,Bengaluru,0
ORD00005,CUST0134,2024-11-18,2024-11-21,2024-11-27,Delivered,WH02,3151.76,10,Credit Card,Kolkata,0
ORD00006,CUST0061,2024-01-27,2024-01-28,2024-01-30,Delivered,WH07,3995.48,5,COD,Lucknow,1
ORD00007,CUST0011,2024-03-02,2024-03-03,2024-03-05,Delivered,WH08,8307.62,5,COD,Delhi,1
ORD00008,CUST0176,2024-05-07,2024-05-08,,Shipped,WH06,11180.56,0,UPI,Kolkata,
ORD00009,CUST0028,2024-11-26,2024-11-29,,Shipped,WH03,5930.94,10,COD,Pune,
ORD00010,CUST0097,2024-04-08,,,Placed,WH06,8734.13,10,UPI,Pune,
ORD00011,CUST0179,2024-12-27,2024-12-29,2025-01-04,Delivered,WH08,2398.84,5,COD,Kolkata,0
ORD00012,CUST0142,2024-08-27,2024-08-30,,In Transit,WH03,966.19,5,Net Banking,Hyderabad,
ORD00013,CUST0199,2024-05-14,2024-05-16,2024-05-18,Delivered,WH07,8843.84,0,COD,Lucknow,1
ORD00014,CUST0169,2024-05-02,2024-05-03,,In Transit,WH07,2399.95,15,Credit Card,Lucknow,
ORD00015,CUST0083,2024-05-24,2024-05-27,,In Transit,WH02,1290.64,0,UPI,Bengaluru,
ORD00016,CUST0125,2024-04-01,2024-04-02,2024-04-04,Delivered,WH04,1320.23,20,Net Banking,Pune,1
ORD00017,CUST0013,2024-09-26,2024-09-29,2024-10-03,Delivered,WH06,2765.56,0,UPI,Chennai,1
ORD00018,CUST0164,2024-12-01,2024-12-02,2024-12-07,Delivered,WH01,4426.97,15,COD,Mumbai,1
ORD00019,CUST0188,2024-11-11,2024-11-12,,In Transit,WH02,10038.31,0,Credit Card,Jaipur,
ORD00020,CUST0137,2024-02-19,2024-02-20,,Confirmed,WH07,2395.11,20,Credit Card,Lucknow,
ORD00021,CUST0192,2024-11-16,2024-11-19,,Cancelled,WH07,8991.38,20,COD,Pune,
ORD00022,CUST0047,2024-12-25,2024-12-26,2024-12-29,Delivered,WH07,6130.61,5,Net Banking,Kolkata,1
ORD00023,CUST0106,2024-06-10,2024-06-12,2024-06-16,Delivered,WH07,9939.94,10,Credit Card,Lucknow,1
ORD00024,CUST0191,2024-10-06,2024-10-09,,Shipped,WH05,4416.1,15,Net Banking,Ahmedabad,
ORD00025,CUST0005,2024-01-01,2024-01-03,2024-01-09,Delivered,WH03,11921.93,10,UPI,Hyderabad,0
ORD00026,CUST0006,2024-04-23,2024-04-25,,Shipped,WH05,11041.48,20,Credit Card,Delhi,
ORD00027,CUST0068,2024-01-20,2024-01-21,2024-01-24,Delivered,WH06,10692.06,5,Credit Card,Hyderabad,1
ORD00028,CUST0146,2024-06-02,2024-06-04,,Confirmed,WH04,8851.05,10,Net Banking,Bengaluru,
ORD00029,CUST0148,2024-09-06,2024-09-09,2024-09-16,Delivered,WH02,7203.49,10,UPI,Lucknow,0
ORD00030,CUST0198,2024-07-14,2024-07-15,,Confirmed,WH06,4272.97,15,Net Banking,Delhi,
ORD00031,CUST0163,2024-04-26,2024-04-29,2024-05-01,Delivered,WH07,791.42,20,UPI,Kolkata,1
ORD00032,CUST0179,2024-10-03,2024-10-05,2024-10-11,Delivered,WH04,1965.39,15,Net Banking,Lucknow,0
ORD00033,CUST0075,2024-10-21,2024-10-22,2024-10-27,Delivered,WH07,1903.95,10,UPI,Pune,1
ORD00034,CUST0068,2024-10-19,2024-10-22,2024-10-27,Delivered,WH02,4872.55,15,Credit Card,Bengaluru,1
ORD00035,CUST0167,2024-09-03,2024-09-05,2024-09-10,Delivered,WH04,6799.84,20,Credit Card,Chennai,1
ORD00036,CUST0083,2024-02-06,2024-02-08,,In Transit,WH02,1483.48,15,Net Banking,Kolkata,
ORD00037,CUST0153,2024-06-27,2024-06-29,,Shipped,WH01,9270.72,5,COD,Lucknow,
ORD00038,CUST0060,2024-08-14,2024-08-16,2024-08-18,Delivered,WH04,8271.51,5,UPI,Delhi,1
ORD00039,CUST0038,2024-01-28,2024-01-31,,In Transit,WH05,312.74,0,COD,Pune,
ORD00040,CUST0054,2024-08-29,,,Placed,WH04,2565.05,20,COD,Jaipur,
ORD00041,CUST0179,2024-09-04,2024-09-05,2024-09-12,Delivered,WH01,4612.79,20,UPI,Hyderabad,0
ORD00042,CUST0179,2024-03-28,2024-03-29,,Confirmed,WH05,779.06,0,UPI,Ahmedabad,
ORD00043,CUST0093,2024-12-04,2024-12-07,,In Transit,WH02,376.08,15,Credit Card,Ahmedabad,
ORD00044,CUST0026,2024-09-17,,,Backordered,WH06,5893.25,20,UPI,Bengaluru,
ORD00045,CUST0183,2024-04-11,2024-04-13,2024-04-19,Delivered,WH01,621.07,20,COD,Kolkata,0
ORD00046,CUST0089,2024-09-07,2024-09-08,2024-09-10,Delivered,WH06,4361.23,10,Credit Card,Jaipur,1
ORD00047,CUST0100,2024-05-21,2024-05-24,2024-05-28,Delivered,WH01,11338.02,10,Credit Card,Bengaluru,1
ORD00048,CUST0023,2024-06-23,2024-06-26,2024-06-29,Delivered,WH07,6320.51,20,Credit Card,Ahmedabad,1
ORD00049,CUST0155,2024-05-03,2024-05-05,2024-05-09,Delivered,WH06,5472.65,5,Credit Card,Bengaluru,1
ORD00050,CUST0080,2024-10-24,2024-10-25,2024-10-28,Delivered,WH03,5246.26,5,Credit Card,Kolkata,1
ORD00051,CUST0048,2024-02-04,2024-02-07,2024-02-09,Delivered,WH06,10098.34,5,UPI,Kolkata,1
ORD00052,CUST0078,2024-07-30,,,Backordered,WH08,8985.48,10,Credit Card,Chennai,
ORD00053,CUST0196,2024-02-24,2024-02-25,,Shipped,WH05,7326.41,20,Credit Card,Lucknow,
ORD00054,CUST0092,2024-04-28,2024-04-29,,In Transit,WH02,8304.47,15,Credit Card,Jaipur,
ORD00055,CUST0048,2024-11-05,2024-11-08,2024-11-12,Delivered,WH07,5973.63,5,Credit Card,Chennai,1
ORD00056,CUST0196,2024-04-25,,,Placed,WH01,11116.41,15,Credit Card,Chennai,
ORD00057,CUST0158,2024-04-14,2024-04-16,,Confirmed,WH08,8301.17,15,Credit Card,Ahmedabad,
ORD00058,CUST0098,2024-07-26,2024-07-29,2024-08-05,Delivered,WH06,4820.69,20,UPI,Jaipur,0
ORD00059,CUST0133,2024-02-25,2024-02-26,2024-02-29,Delivered,WH07,11808.39,0,Net Banking,Jaipur,1
ORD00060,CUST0049,2024-11-18,,,Backordered,WH05,5358.71,10,COD,Pune,
ORD00061,CUST0177,2024-03-26,2024-03-29,2024-03-31,Delivered,WH03,5643.41,15,UPI,Jaipur,1
ORD00062,CUST0179,2024-02-27,2024-03-01,,Shipped,WH03,4807.84,10,Net Banking,Mumbai,
ORD00063,CUST0117,2024-04-01,2024-04-04,2024-04-07,Delivered,WH02,3113.48,5,UPI,Delhi,1
ORD00064,CUST0022,2024-02-28,2024-03-02,2024-03-06,Delivered,WH07,8763.45,20,Credit Card,Ahmedabad,1
ORD00065,CUST0145,2024-10-08,2024-10-09,2024-10-13,Delivered,WH03,2071.17,5,Credit Card,Mumbai,1
ORD00066,CUST0197,2024-08-02,2024-08-05,,In Transit,WH08,3572.05,5,UPI,Bengaluru,
ORD00067,CUST0196,2024-04-13,,,Placed,WH05,294.66,15,Net Banking,Jaipur,
ORD00068,CUST0056,2024-01-03,2024-01-05,2024-01-08,Delivered,WH08,5526.8,15,UPI,Lucknow,1
ORD00069,CUST0141,2024-11-03,,,Placed,WH05,7494.23,20,Credit Card,Mumbai,
ORD00070,CUST0090,2024-04-04,2024-04-07,,Shipped,WH01,1872.69,0,COD,Kolkata,
ORD00071,CUST0107,2024-02-14,,,Placed,WH03,2061.82,10,Credit Card,Pune,
ORD00072,CUST0197,2024-10-23,2024-10-24,2024-10-26,Delivered,WH05,3975.44,15,UPI,Ahmedabad,1
ORD00073,CUST0035,2024-10-08,2024-10-10,,Confirmed,WH02,8381.24,10,COD,Jaipur,
ORD00074,CUST0157,2024-07-30,2024-08-02,2024-08-05,Delivered,WH01,1445.23,20,UPI,Pune,1
ORD00075,CUST0110,2024-12-18,2024-12-21,2024-12-25,Delivered,WH06,3226.97,20,COD,Bengaluru,1
ORD00076,CUST0162,2024-11-10,2024-11-13,2024-11-20,Delivered,WH08,5986.18,5,Credit Card,Hyderabad,0
ORD00077,CUST0007,2024-04-09,,,Placed,WH08,7561.71,0,Credit Card,Lucknow,
ORD00078,CUST0144,2024-07-31,2024-08-02,2024-08-06,Delivered,WH04,283.87,5,COD,Hyderabad,1
ORD00079,CUST0141,2024-02-04,2024-02-07,,In Transit,WH06,9239.34,0,COD,Kolkata,
ORD00080,CUST0045,2024-07-21,2024-07-24,2024-07-26,Delivered,WH04,4066.6,10,Net Banking,Pune,1
ORD00081,CUST0161,2024-01-19,2024-01-21,2024-01-24,Delivered,WH08,10720.89,20,COD,Pune,1
ORD00082,CUST0134,2024-07-30,2024-07-31,,Cancelled,WH05,6844.57,10,UPI,Chennai,
ORD00083,CUST0039,2024-10-22,2024-10-24,2024-10-26,Delivered,WH05,10112.76,10,Net Banking,Jaipur,1
ORD00084,CUST0153,2024-03-25,2024-03-27,2024-03-30,Delivered,WH02,10395.44,10,COD,Mumbai,1
ORD00085,CUST0096,2024-05-19,2024-05-21,2024-05-24,Delivered,WH08,9979.07,10,Credit Card,Jaipur,1
ORD00086,CUST0010,2024-06-03,2024-06-05,,Shipped,WH04,10973.24,15,UPI,Pune,
ORD00087,CUST0124,2024-09-13,2024-09-15,,Shipped,WH05,9340.07,5,UPI,Jaipur,
ORD00088,CUST0053,2024-12-12,,,Backordered,WH01,5593.52,20,UPI,Mumbai,
ORD00089,CUST0153,2024-06-08,2024-06-11,,Cancelled,WH02,4099.48,0,UPI,Jaipur,
ORD00090,CUST0195,2024-12-03,2024-12-04,2024-12-10,Delivered,WH05,7720.38,5,COD,Chennai,0
ORD00091,CUST0082,2024-04-08,2024-04-11,,In Transit,WH08,8102.82,10,Credit Card,Bengaluru,
ORD00092,CUST0144,2024-05-20,2024-05-23,,Confirmed,WH02,2597.94,10,COD,Hyderabad,
ORD00093,CUST0147,2024-03-13,2024-03-15,,Cancelled,WH04,2179.61,10,COD,Jaipur,
ORD00094,CUST0121,2024-08-15,2024-08-16,,Confirmed,WH01,1405.23,0,UPI,Ahmedabad,
ORD00095,CUST0152,2024-07-19,2024-07-22,,Shipped,WH08,7453.34,10,COD,Chennai,
ORD00096,CUST0146,2024-12-09,2024-12-10,2024-12-15,Delivered,WH03,1251.06,15,UPI,Pune,1
ORD00097,CUST0121,2024-06-07,2024-06-10,2024-06-15,Delivered,WH04,11377.26,5,COD,Kolkata,1
ORD00098,CUST0085,2024-07-19,2024-07-22,,Shipped,WH06,5521.4,0,UPI,Pune,
ORD00099,CUST0073,2024-02-27,2024-02-29,2024-03-03,Delivered,WH06,7312.62,5,UPI,Ahmedabad,1
ORD00100,CUST0019,2024-02-24,2024-02-27,,In Transit,WH05,6463.03,15,Net Banking,Chennai,
ORD00101,CUST0124,2024-11-13,2024-11-14,,In Transit,WH07,932.81,5,Net Banking,Ahmedabad,
ORD00102,CUST0061,2024-10-17,2024-10-20,2024-10-27,Delivered,WH03,8001.96,0,Net Banking,Delhi,0
ORD00103,CUST0025,2024-10-30,2024-11-01,2024-11-07,Delivered,WH08,2237.66,15,UPI,Lucknow,0
ORD00104,CUST0084,2024-02-25,2024-02-28,2024-03-04,Delivered,WH08,7793.12,0,UPI,Chennai,1
ORD00105,CUST0194,2024-03-12,2024-03-15,2024-03-17,Delivered,WH03,7981.44,15,COD,Ahmedabad,1
ORD00106,CUST0175,2024-11-11,2024-11-12,2024-11-15,Delivered,WH06,3701.86,10,Net Banking,Kolkata,1
ORD00107,CUST0104,2024-02-15,2024-02-18,2024-02-24,Delivered,WH03,10252.19,0,COD,Jaipur,0
ORD00108,CUST0144,2024-01-28,,,Placed,WH06,1449.93,10,UPI,Chennai,
ORD00109,CUST0082,2024-08-09,2024-08-11,2024-08-18,Delivered,WH07,4961.49,15,Credit Card,Bengaluru,0
ORD00110,CUST0099,2024-08-31,2024-09-03,,Shipped,WH06,10103.56,5,COD,Bengaluru,
ORD00111,CUST0166,2024-03-09,,,Placed,WH01,1856.35,15,Net Banking,Bengaluru,
ORD00112,CUST0117,2024-02-13,2024-02-15,,Shipped,WH07,7535.49,15,Net Banking,Jaipur,
ORD00113,CUST0109,2024-08-18,2024-08-19,2024-08-22,Delivered,WH01,6998.57,5,COD,Ahmedabad,1
ORD00114,CUST0146,2024-10-06,2024-10-07,2024-10-09,Delivered,WH08,8502.86,0,Net Banking,Delhi,1
ORD00115,CUST0120,2024-03-13,2024-03-16,2024-03-20,Delivered,WH02,6351.78,20,UPI,Chennai,1
ORD00116,CUST0020,2024-08-29,2024-09-01,2024-09-08,Delivered,WH05,7414.51,10,UPI,Pune,0
ORD00117,CUST0188,2024-08-20,2024-08-22,2024-08-28,Delivered,WH06,5139.04,10,COD,Bengaluru,0
ORD00118,CUST0078,2024-01-19,2024-01-22,2024-01-29,Delivered,WH05,877.8,15,Credit Card,Lucknow,0
ORD00119,CUST0160,2024-01-27,2024-01-29,2024-02-05,Delivered,WH01,3548.77,0,Credit Card,Jaipur,0
ORD00120,CUST0034,2024-02-09,2024-02-11,2024-02-15,Delivered,WH05,3411.32,10,UPI,Delhi,1
ORD00121,CUST0190,2024-11-05,2024-11-08,,Shipped,WH03,7960.99,10,Credit Card,Hyderabad,
ORD00122,CUST0136,2024-12-24,2024-12-25,,In Transit,WH01,4212.75,0,Credit Card,Lucknow,
ORD00123,CUST0061,2024-03-19,2024-03-21,2024-03-26,Delivered,WH08,8753.09,5,Credit Card,Lucknow,1
ORD00124,CUST0194,2024-06-25,2024-06-27,,Confirmed,WH02,772.4,15,Net Banking,Pune,
ORD00125,CUST0098,2024-06-03,2024-06-06,2024-06-09,Delivered,WH07,5773.89,5,Net Banking,Mumbai,1
ORD00126,CUST0098,2024-05-27,2024-05-29,,Cancelled,WH06,11546.89,0,UPI,Jaipur,
ORD00127,CUST0167,2024-11-22,2024-11-24,2024-11-30,Delivered,WH05,4119.36,10,UPI,Hyderabad,0
ORD00128,CUST0192,2024-12-01,2024-12-03,2024-12-10,Delivered,WH04,8851.61,20,Credit Card,Jaipur,0
ORD00129,CUST0141,2024-06-21,2024-06-22,2024-06-26,Delivered,WH01,8122.7,0,UPI,Ahmedabad,1
ORD00130,CUST0090,2024-02-20,2024-02-23,2024-02-28,Delivered,WH04,8744.22,10,Credit Card,Mumbai,1
ORD00131,CUST0169,2024-01-13,2024-01-14,2024-01-20,Delivered,WH04,11413.29,0,UPI,Delhi,0
ORD00132,CUST0196,2024-11-05,2024-11-08,,Confirmed,WH03,10767.62,5,COD,Hyderabad,
ORD00133,CUST0117,2024-08-27,2024-08-28,2024-09-04,Delivered,WH05,9266.91,10,COD,Bengaluru,0
ORD00134,CUST0098,2024-02-07,2024-02-08,,In Transit,WH07,4091.96,0,COD,Hyderabad,
ORD00135,CUST0157,2024-04-01,2024-04-03,2024-04-06,Delivered,WH07,2264.54,15,UPI,Bengaluru,1
ORD00136,CUST0165,2024-10-03,2024-10-04,2024-10-10,Delivered,WH02,10964.42,10,UPI,Mumbai,0
ORD00137,CUST0065,2024-02-07,2024-02-10,,Confirmed,WH08,372.36,15,Credit Card,Mumbai,
ORD00138,CUST0180,2024-01-20,2024-01-22,2024-01-25,Delivered,WH06,10869.72,20,UPI,Jaipur,1
ORD00139,CUST0123,2024-12-28,2024-12-30,,Cancelled,WH07,4936.37,0,Credit Card,Mumbai,
ORD00140,CUST0200,2024-07-15,,,Backordered,WH08,1586.26,20,COD,Kolkata,
ORD00141,CUST0162,2024-12-15,2024-12-16,,In Transit,WH02,4479.46,10,UPI,Pune,
ORD00142,CUST0011,2024-05-28,2024-05-29,2024-06-04,Delivered,WH07,7979.7,10,Net Banking,Delhi,0
ORD00143,CUST0162,2024-11-18,2024-11-20,2024-11-22,Delivered,WH08,8863.59,5,UPI,Chennai,1
ORD00144,CUST0126,2024-01-13,2024-01-16,2024-01-19,Delivered,WH07,896.46,20,COD,Pune,1
ORD00145,CUST0116,2024-09-30,,,Backordered,WH01,588.96,0,COD,Mumbai,
ORD00146,CUST0171,2024-07-26,2024-07-29,,Confirmed,WH08,11290.06,20,Credit Card,Lucknow,
ORD00147,CUST0189,2024-04-29,2024-04-30,,Cancelled,WH03,5943.4,0,Net Banking,Lucknow,
ORD00148,CUST0034,2024-01-24,2024-01-27,,In Transit,WH01,2191.15,0,COD,Delhi,
ORD00149,CUST0028,2024-08-21,2024-08-24,2024-08-26,Delivered,WH02,6041.15,20,Credit Card,Delhi,1
ORD00150,CUST0103,2024-04-13,2024-04-16,2024-04-23,Delivered,WH06,1581.51,20,Credit Card,Kolkata,0
ORD00151,CUST0086,2024-04-19,2024-04-22,2024-04-25,Delivered,WH02,1580.83,5,Net Banking,Bengaluru,1
ORD00152,CUST0063,2024-12-22,2024-12-23,2024-12-28,Delivered,WH01,1730.44,20,Net Banking,Bengaluru,1
ORD00153,CUST0002,2024-01-09,2024-01-10,2024-01-12,Delivered,WH03,11124.72,20,COD,Ahmedabad,1
ORD00154,CUST0033,2024-12-21,2024-12-23,2024-12-30,Delivered,WH04,1845.59,10,Net Banking,Ahmedabad,0
ORD00155,CUST0178,2024-05-02,2024-05-05,,Cancelled,WH01,7215.82,15,UPI,Hyderabad,
ORD00156,CUST0050,2024-06-27,2024-06-30,2024-07-03,Delivered,WH02,11841.25,0,COD,Jaipur,1
ORD00157,CUST0169,2024-09-16,2024-09-19,,Shipped,WH04,3425.66,5,UPI,Bengaluru,
ORD00158,CUST0046,2024-12-16,2024-12-18,2024-12-23,Delivered,WH03,8091.19,0,UPI,Kolkata,1
ORD00159,CUST0086,2024-05-25,2024-05-27,,Shipped,WH08,663.31,0,Credit Card,Bengaluru,
ORD00160,CUST0061,2024-01-15,2024-01-16,2024-01-18,Delivered,WH08,7173.57,10,Net Banking,Chennai,1
ORD00161,CUST0084,2024-12-12,2024-12-13,2024-12-15,Delivered,WH04,1312.06,15,Credit Card,Ahmedabad,1
ORD00162,CUST0125,2024-04-22,2024-04-25,,Confirmed,WH01,10702.29,5,Credit Card,Lucknow,
ORD00163,CUST0035,2024-08-20,2024-08-22,,Shipped,WH08,8679.88,10,COD,Chennai,
ORD00164,CUST0146,2024-06-20,2024-06-23,,Confirmed,WH01,3475.16,0,Net Banking,Pune,
ORD00165,CUST0057,2024-08-02,2024-08-04,,Shipped,WH05,7303.09,20,Credit Card,Lucknow,
ORD00166,CUST0134,2024-10-10,2024-10-11,2024-10-16,Delivered,WH08,10367.06,5,Net Banking,Pune,1
ORD00167,CUST0110,2024-05-22,,,Placed,WH04,3086.8,15,Credit Card,Lucknow,
ORD00168,CUST0107,2024-03-17,2024-03-18,,Cancelled,WH01,624.7,15,UPI,Ahmedabad,
ORD00169,CUST0116,2024-09-28,2024-10-01,2024-10-03,Delivered,WH08,3000.06,20,UPI,Ahmedabad,1
ORD00170,CUST0062,2024-04-21,2024-04-23,,Shipped,WH02,338.77,10,Credit Card,Pune,
ORD00171,CUST0119,2024-10-19,2024-10-20,2024-10-25,Delivered,WH03,10509.26,15,Credit Card,Kolkata,1
ORD00172,CUST0161,2024-11-16,2024-11-19,2024-11-21,Delivered,WH02,4710.82,10,UPI,Hyderabad,1
ORD00173,CUST0139,2024-08-06,2024-08-09,2024-08-15,Delivered,WH04,9484.15,0,COD,Mumbai,0
ORD00174,CUST0094,2024-09-20,2024-09-23,,Cancelled,WH01,1464.95,10,Net Banking,Lucknow,
ORD00175,CUST0144,2024-01-21,2024-01-22,2024-01-29,Delivered,WH02,6794.98,5,Credit Card,Kolkata,0
ORD00176,CUST0189,2024-05-02,2024-05-05,2024-05-10,Delivered,WH04,9075.11,5,COD,Kolkata,1
ORD00177,CUST0014,2024-05-16,2024-05-18,2024-05-22,Delivered,WH02,4567.84,15,Net Banking,Jaipur,1
ORD00178,CUST0137,2024-09-26,2024-09-28,2024-10-05,Delivered,WH05,5505.94,10,UPI,Chennai,0
ORD00179,CUST0046,2024-08-22,2024-08-24,,Confirmed,WH05,11505.34,0,UPI,Bengaluru,
ORD00180,CUST0128,2024-05-21,2024-05-22,,Confirmed,WH03,10518.67,20,UPI,Hyderabad,
ORD00181,CUST0139,2024-08-01,,,Backordered,WH03,5765.77,15,Net Banking,Mumbai,
ORD00182,CUST0060,2024-05-29,2024-05-30,,Shipped,WH06,5028.55,10,COD,Pune,
ORD00183,CUST0114,2024-10-30,2024-11-02,2024-11-08,Delivered,WH08,3753.38,5,COD,Bengaluru,0
ORD00184,CUST0074,2024-05-13,2024-05-15,,Shipped,WH01,1907.81,10,Net Banking,Bengaluru,
ORD00185,CUST0138,2024-11-12,2024-11-15,,Cancelled,WH05,2310.02,5,Credit Card,Bengaluru,
ORD00186,CUST0148,2024-05-01,2024-05-03,,Confirmed,WH03,5374.53,10,Credit Card,Chennai,
ORD00187,CUST0089,2024-10-14,2024-10-17,2024-10-21,Delivered,WH03,4569.04,20,Credit Card,Jaipur,1
ORD00188,CUST0104,2024-06-03,2024-06-04,,Confirmed,WH08,9256.94,15,COD,Bengaluru,
ORD00189,CUST0140,2024-01-03,,,Backordered,WH06,7819.84,10,Net Banking,Hyderabad,
ORD00190,CUST0114,2024-10-20,2024-10-23,2024-10-30,Delivered,WH06,8316.39,15,UPI,Bengaluru,0
ORD00191,CUST0103,2024-12-13,2024-12-15,2024-12-17,Delivered,WH04,5434.78,0,COD,Mumbai,1
ORD00192,CUST0057,2024-11-07,2024-11-10,2024-11-16,Delivered,WH05,2469.23,0,Net Banking,Delhi,0
ORD00193,CUST0155,2024-09-19,2024-09-21,2024-09-25,Delivered,WH01,10915.1,10,Net Banking,Bengaluru,1
ORD00194,CUST0073,2024-08-06,2024-08-08,2024-08-10,Delivered,WH06,4313.56,15,UPI,Chennai,1
ORD00195,CUST0074,2024-08-15,2024-08-17,2024-08-22,Delivered,WH03,9697.22,15,Net Banking,Bengaluru,1
ORD00196,CUST0078,2024-10-27,2024-10-28,2024-10-31,Delivered,WH08,11862.33,20,COD,Delhi,1
ORD00197,CUST0105,2024-10-29,2024-10-30,2024-11-01,Delivered,WH05,5061.99,20,Net Banking,Lucknow,1
ORD00198,CUST0075,2024-03-11,2024-03-13,,Shipped,WH08,650.46,10,COD,Pune,
ORD00199,CUST0001,2024-10-13,2024-10-14,2024-10-16,Delivered,WH03,3262.72,15,UPI,Hyderabad,1
ORD00200,CUST0166,2024-08-01,2024-08-04,,Shipped,WH04,487.04,10,Net Banking,Delhi,
ORD00201,CUST0145,2024-11-02,2024-11-05,2024-11-10,Delivered,WH07,10439.9,15,UPI,Kolkata,1
ORD00202,CUST0042,2024-09-19,2024-09-20,2024-09-24,Delivered,WH01,1881.72,15,Credit Card,Kolkata,1
ORD00203,CUST0108,2024-03-24,2024-03-26,,Confirmed,WH06,727.27,10,UPI,Jaipur,
ORD00204,CUST0154,2024-04-09,2024-04-10,2024-04-12,Delivered,WH03,6592.99,10,COD,Hyderabad,1
ORD00205,CUST0137,2024-12-16,2024-12-18,2024-12-20,Delivered,WH06,9906.28,0,Credit Card,Jaipur,1
ORD00206,CUST0088,2024-05-24,2024-05-26,2024-05-31,Delivered,WH03,1363.65,5,Credit Card,Chennai,1
ORD00207,CUST0183,2024-10-13,2024-10-16,2024-10-22,Delivered,WH02,5095.55,0,UPI,Bengaluru,0
ORD00208,CUST0093,2024-01-09,2024-01-11,2024-01-18,Delivered,WH03,9831.91,20,COD,Bengaluru,0
ORD00209,CUST0031,2024-12-29,2025-01-01,,In Transit,WH04,1675.27,5,Credit Card,Hyderabad,
ORD00210,CUST0109,2024-03-05,2024-03-06,,Shipped,WH02,1071.16,15,Net Banking,Mumbai,
ORD00211,CUST0132,2024-04-10,2024-04-13,,Confirmed,WH01,5708.63,10,UPI,Delhi,
ORD00212,CUST0155,2024-06-03,2024-06-04,2024-06-06,Delivered,WH04,7113.1,5,Credit Card,Kolkata,1
ORD00213,CUST0072,2024-01-15,2024-01-18,,Confirmed,WH06,4323.61,20,Credit Card,Jaipur,
ORD00214,CUST0196,2024-10-18,2024-10-21,,Confirmed,WH01,6416.74,5,COD,Bengaluru,
ORD00215,CUST0186,2024-10-02,,,Placed,WH02,11102.15,20,Net Banking,Kolkata,
ORD00216,CUST0028,2024-12-23,2024-12-25,2025-01-01,Delivered,WH03,10041.69,15,Net Banking,Chennai,0
ORD00217,CUST0195,2024-09-20,2024-09-21,,Shipped,WH06,1614.84,0,Credit Card,Pune,
ORD00218,CUST0011,2024-07-03,2024-07-06,2024-07-13,Delivered,WH02,4038.17,0,Net Banking,Hyderabad,0
ORD00219,CUST0114,2024-08-21,2024-08-23,2024-08-30,Delivered,WH04,6713.9,10,Net Banking,Chennai,0
ORD00220,CUST0095,2024-02-05,2024-02-07,2024-02-14,Delivered,WH03,301.51,15,UPI,Ahmedabad,0
ORD00221,CUST0031,2024-08-12,2024-08-15,2024-08-17,Delivered,WH03,4828.52,20,UPI,Bengaluru,1
ORD00222,CUST0052,2024-02-03,2024-02-04,2024-02-08,Delivered,WH07,1604.73,15,Net Banking,Hyderabad,1
ORD00223,CUST0092,2024-10-24,2024-10-27,2024-11-01,Delivered,WH08,8050.12,15,Net Banking,Jaipur,1
ORD00224,CUST0028,2024-05-22,2024-05-24,,Shipped,WH02,3120.67,15,Credit Card,Bengaluru,
ORD00225,CUST0018,2024-01-16,2024-01-17,,Confirmed,WH08,8185.57,5,Net Banking,Lucknow,
ORD00226,CUST0160,2024-12-13,2024-12-15,,In Transit,WH02,9158.03,20,Net Banking,Pune,
ORD00227,CUST0126,2024-04-13,2024-04-15,,In Transit,WH05,6577.89,20,UPI,Mumbai,
ORD00228,CUST0116,2024-08-08,2024-08-09,2024-08-14,Delivered,WH06,10256.56,15,Net Banking,Mumbai,1
ORD00229,CUST0200,2024-01-17,2024-01-20,,Shipped,WH05,10633.7,5,Net Banking,Ahmedabad,
ORD00230,CUST0125,2024-03-09,2024-03-11,,In Transit,WH02,6890.93,15,Net Banking,Pune,
ORD00231,CUST0101,2024-10-14,2024-10-17,2024-10-19,Delivered,WH05,6012.09,15,COD,Hyderabad,1
ORD00232,CUST0012,2024-06-13,2024-06-16,,Confirmed,WH03,10067.67,10,UPI,Kolkata,
ORD00233,CUST0092,2024-07-13,2024-07-15,,Confirmed,WH07,4312.54,5,Credit Card,Chennai,
ORD00234,CUST0177,2024-11-27,2024-11-28,,In Transit,WH02,10446.94,0,COD,Bengaluru,
ORD00235,CUST0169,2024-01-11,2024-01-12,2024-01-17,Delivered,WH07,6881.39,15,COD,Mumbai,1
ORD00236,CUST0097,2024-12-22,2024-12-23,2024-12-27,Delivered,WH07,3970.69,0,Net Banking,Delhi,1
ORD00237,CUST0129,2024-12-19,2024-12-21,2024-12-26,Delivered,WH06,2124.53,10,COD,Ahmedabad,1
ORD00238,CUST0055,2024-04-13,2024-04-14,2024-04-20,Delivered,WH05,3292.09,10,Net Banking,Chennai,0
ORD00239,CUST0149,2024-11-15,2024-11-16,2024-11-23,Delivered,WH02,7163.6,10,UPI,Lucknow,0
ORD00240,CUST0020,2024-09-28,2024-09-29,2024-10-03,Delivered,WH05,6129.98,10,Net Banking,Jaipur,1
ORD00241,CUST0065,2024-06-09,2024-06-11,,Shipped,WH08,8107.99,20,Credit Card,Mumbai,
ORD00242,CUST0128,2024-11-17,2024-11-18,2024-11-24,Delivered,WH04,7980.55,15,COD,Jaipur,0
ORD00243,CUST0187,2024-11-10,2024-11-12,2024-11-18,Delivered,WH01,6338.89,10,Net Banking,Bengaluru,0
ORD00244,CUST0196,2024-05-03,2024-05-06,,Shipped,WH05,10152.85,15,COD,Delhi,
ORD00245,CUST0069,2024-11-20,2024-11-22,,Shipped,WH05,7805.61,10,Credit Card,Ahmedabad,
ORD00246,CUST0008,2024-05-02,2024-05-03,,Confirmed,WH04,9594.98,10,Net Banking,Pune,
ORD00247,CUST0109,2024-10-13,,,Backordered,WH01,2543.59,10,Credit Card,Mumbai,
ORD00248,CUST0141,2024-05-12,2024-05-14,2024-05-21,Delivered,WH03,7784.88,0,Net Banking,Mumbai,0
ORD00249,CUST0155,2024-01-29,2024-01-30,2024-02-03,Delivered,WH05,10425.99,15,COD,Delhi,1
ORD00250,CUST0036,2024-07-22,2024-07-25,,Cancelled,WH04,1476.4,20,UPI,Jaipur,
ORD00251,CUST0128,2024-12-06,2024-12-09,2024-12-13,Delivered,WH02,2971.21,0,COD,Kolkata,1
ORD00252,CUST0061,2024-10-26,2024-10-29,2024-11-05,Delivered,WH07,2733.4,0,Credit Card,Chennai,0
ORD00253,CUST0015,2024-05-20,2024-05-22,2024-05-28,Delivered,WH08,6471.62,0,COD,Jaipur,0
ORD00254,CUST0038,2024-08-04,2024-08-05,2024-08-09,Delivered,WH06,5781.38,10,COD,Mumbai,1
ORD00255,CUST0156,2024-11-26,,,Backordered,WH01,10121.45,0,Credit Card,Hyderabad,
ORD00256,CUST0093,2024-10-09,2024-10-12,2024-10-19,Delivered,WH02,6488.69,5,Net Banking,Ahmedabad,0
ORD00257,CUST0066,2024-01-05,2024-01-07,,Cancelled,WH05,1219.47,5,COD,Chennai,
ORD00258,CUST0082,2024-03-23,2024-03-26,,Cancelled,WH07,9503.41,10,UPI,Pune,
ORD00259,CUST0109,2024-08-29,2024-08-31,2024-09-07,Delivered,WH02,9919.15,10,UPI,Kolkata,0
ORD00260,CUST0084,2024-08-03,2024-08-06,2024-08-13,Delivered,WH08,8388.24,0,Credit Card,Pune,0
ORD00261,CUST0052,2024-11-24,2024-11-26,,Shipped,WH05,3867.6,0,UPI,Bengaluru,
ORD00262,CUST0153,2024-05-07,2024-05-10,2024-05-13,Delivered,WH07,9542.81,10,Net Banking,Pune,1
ORD00263,CUST0152,2024-03-09,2024-03-12,,In Transit,WH06,9624.41,5,UPI,Ahmedabad,
ORD00264,CUST0147,2024-07-07,2024-07-09,,Shipped,WH04,395.71,0,Credit Card,Delhi,
ORD00265,CUST0044,2024-08-24,2024-08-27,,Shipped,WH01,4902.26,15,COD,Bengaluru,
ORD00266,CUST0044,2024-02-15,,,Backordered,WH02,317.26,20,Net Banking,Pune,
ORD00267,CUST0053,2024-12-10,2024-12-11,2024-12-18,Delivered,WH04,11360.72,10,COD,Pune,0
ORD00268,CUST0154,2024-07-14,2024-07-15,,Shipped,WH04,11943.21,10,Credit Card,Ahmedabad,
ORD00269,CUST0075,2024-04-02,2024-04-03,2024-04-05,Delivered,WH05,2940.5,15,Credit Card,Kolkata,1
ORD00270,CUST0003,2024-10-25,2024-10-27,2024-10-29,Delivered,WH08,1728.48,10,Net Banking,Chennai,1
ORD00271,CUST0066,2024-07-15,2024-07-18,2024-07-24,Delivered,WH02,1279.06,0,UPI,Kolkata,0
ORD00272,CUST0172,2024-04-30,2024-05-02,2024-05-08,Delivered,WH01,213.53,20,Net Banking,Hyderabad,0
ORD00273,CUST0011,2024-07-21,2024-07-22,2024-07-28,Delivered,WH03,3234.46,20,Net Banking,Kolkata,0
ORD00274,CUST0182,2024-08-27,2024-08-29,,Shipped,WH07,1830.28,0,COD,Mumbai,
ORD00275,CUST0093,2024-03-06,2024-03-08,2024-03-15,Delivered,WH07,3502.67,10,COD,Jaipur,0
ORD00276,CUST0189,2024-06-09,2024-06-10,2024-06-14,Delivered,WH08,9199.55,5,Net Banking,Mumbai,1
ORD00277,CUST0047,2024-04-06,2024-04-07,,Shipped,WH01,5722.43,5,Net Banking,Ahmedabad,
ORD00278,CUST0127,2024-02-29,,,Backordered,WH01,5382.01,20,Net Banking,Pune,
ORD00279,CUST0038,2024-09-09,2024-09-12,,Confirmed,WH02,4292.81,5,COD,Bengaluru,
ORD00280,CUST0170,2024-03-27,2024-03-29,2024-04-04,Delivered,WH04,7065.04,0,Credit Card,Ahmedabad,0
ORD00281,CUST0174,2024-02-09,2024-02-11,,In Transit,WH02,10665.31,0,COD,Delhi,
ORD00282,CUST0040,2024-07-20,2024-07-21,2024-07-25,Delivered,WH01,1110.6,15,Net Banking,Hyderabad,1
ORD00283,CUST0168,2024-10-31,2024-11-02,2024-11-04,Delivered,WH08,4000.25,20,Credit Card,Chennai,1
ORD00284,CUST0015,2024-01-25,2024-01-27,2024-01-31,Delivered,WH02,6633.8,20,Net Banking,Delhi,1
ORD00285,CUST0198,2024-07-23,2024-07-24,,In Transit,WH07,1206.88,5,Credit Card,Ahmedabad,
ORD00286,CUST0040,2024-07-25,2024-07-28,,In Transit,WH02,3687.78,15,COD,Lucknow,
ORD00287,CUST0132,2024-03-08,2024-03-09,2024-03-13,Delivered,WH04,5952.03,15,Net Banking,Hyderabad,1
ORD00288,CUST0095,2024-10-15,2024-10-16,2024-10-21,Delivered,WH03,5294.16,15,UPI,Mumbai,1
ORD00289,CUST0058,2024-09-19,2024-09-21,2024-09-28,Delivered,WH03,11178.41,20,UPI,Hyderabad,0
ORD00290,CUST0039,2024-08-27,2024-08-29,2024-09-02,Delivered,WH03,8259.12,10,Credit Card,Jaipur,1
ORD00291,CUST0142,2024-08-06,2024-08-07,,In Transit,WH02,11020.03,20,UPI,Jaipur,
ORD00292,CUST0185,2024-08-05,2024-08-07,2024-08-14,Delivered,WH05,4362.17,20,UPI,Jaipur,0
ORD00293,CUST0119,2024-01-09,2024-01-12,,Confirmed,WH03,9466.2,15,UPI,Delhi,
ORD00294,CUST0151,2024-08-01,2024-08-03,2024-08-07,Delivered,WH08,9124.65,15,COD,Kolkata,1
ORD00295,CUST0192,2024-04-05,2024-04-06,,Shipped,WH05,10478.65,0,Net Banking,Jaipur,
ORD00296,CUST0030,2024-01-10,,,Placed,WH01,2185.06,15,Net Banking,Ahmedabad,
ORD00297,CUST0155,2024-12-02,,,Backordered,WH08,3738.18,20,COD,Ahmedabad,
ORD00298,CUST0004,2024-06-03,2024-06-04,,Confirmed,WH04,1476.16,0,Credit Card,Mumbai,
ORD00299,CUST0062,2024-04-17,2024-04-18,2024-04-25,Delivered,WH07,10128.76,20,Credit Card,Delhi,0
ORD00300,CUST0109,2024-06-03,2024-06-04,2024-06-09,Delivered,WH01,1530.04,5,Net Banking,Pune,1
ORD00301,CUST0116,2024-08-29,,,Placed,WH04,2535.86,20,Net Banking,Mumbai,
ORD00302,CUST0162,2024-06-19,,,Placed,WH07,11756.92,15,COD,Mumbai,
ORD00303,CUST0186,2024-09-06,2024-09-09,2024-09-15,Delivered,WH08,2898.08,0,UPI,Ahmedabad,0
ORD00304,CUST0069,2024-10-22,2024-10-23,,In Transit,WH07,10686.32,0,Net Banking,Lucknow,
ORD00305,CUST0006,2024-11-26,2024-11-29,2024-12-04,Delivered,WH03,3562.93,5,Net Banking,Kolkata,1
ORD00306,CUST0151,2024-08-12,2024-08-13,,In Transit,WH06,11072.57,15,Credit Card,Hyderabad,
ORD00307,CUST0168,2024-12-30,2025-01-01,2025-01-08,Delivered,WH06,9582.28,5,Credit Card,Hyderabad,0
ORD00308,CUST0034,2024-12-19,2024-12-22,2024-12-27,Delivered,WH03,2513.89,20,Net Banking,Delhi,1
ORD00309,CUST0078,2024-07-31,2024-08-02,,Cancelled,WH04,2631.78,0,UPI,Kolkata,
ORD00310,CUST0129,2024-05-13,2024-05-14,2024-05-17,Delivered,WH01,9710.76,10,Net Banking,Delhi,1
ORD00311,CUST0058,2024-11-12,2024-11-15,,Shipped,WH08,3205.19,10,COD,Mumbai,
ORD00312,CUST0177,2024-10-12,2024-10-13,,In Transit,WH02,8520.9,15,Net Banking,Delhi,
ORD00313,CUST0144,2024-02-24,2024-02-27,2024-02-29,Delivered,WH01,6161.57,5,UPI,Chennai,1
ORD00314,CUST0182,2024-07-04,2024-07-06,,Shipped,WH08,9179.28,15,UPI,Bengaluru,
ORD00315,CUST0052,2024-11-27,2024-11-28,2024-11-30,Delivered,WH08,11640.19,0,Credit Card,Pune,1
ORD00316,CUST0022,2024-06-23,2024-06-24,,In Transit,WH05,4563.37,15,COD,Chennai,
ORD00317,CUST0059,2024-03-18,2024-03-21,2024-03-26,Delivered,WH03,9650.96,15,Net Banking,Pune,1
ORD00318,CUST0114,2024-09-21,2024-09-23,2024-09-25,Delivered,WH03,9276.3,20,UPI,Delhi,1
ORD00319,CUST0112,2024-06-22,2024-06-23,,In Transit,WH01,4810.21,0,Credit Card,Lucknow,
ORD00320,CUST0183,2024-01-30,,,Backordered,WH05,5118.77,20,COD,Kolkata,
ORD00321,CUST0072,2024-06-25,,,Placed,WH03,8448.5,15,Credit Card,Jaipur,
ORD00322,CUST0179,2024-11-15,2024-11-18,2024-11-23,Delivered,WH06,10668.95,15,Credit Card,Hyderabad,1
ORD00323,CUST0086,2024-02-13,,,Placed,WH07,8742.42,5,COD,Chennai,
ORD00324,CUST0088,2024-02-17,2024-02-19,2024-02-25,Delivered,WH03,427.55,20,COD,Chennai,0
ORD00325,CUST0188,2024-06-04,2024-06-07,2024-06-09,Delivered,WH01,10122.76,10,COD,Delhi,1
ORD00326,CUST0077,2024-01-25,2024-01-26,2024-01-31,Delivered,WH01,5519.79,5,Credit Card,Kolkata,1
ORD00327,CUST0147,2024-06-02,2024-06-05,,In Transit,WH03,8615.06,20,Credit Card,Delhi,
ORD00328,CUST0117,2024-06-16,2024-06-17,2024-06-21,Delivered,WH02,1886.66,15,Net Banking,Delhi,1
ORD00329,CUST0122,2024-02-17,2024-02-18,,Confirmed,WH04,5437.04,10,Net Banking,Lucknow,
ORD00330,CUST0150,2024-10-13,2024-10-15,2024-10-19,Delivered,WH08,7692.06,15,Net Banking,Ahmedabad,1
ORD00331,CUST0125,2024-03-24,2024-03-25,,Shipped,WH08,1683.21,20,UPI,Chennai,
ORD00332,CUST0144,2024-08-21,2024-08-24,2024-08-27,Delivered,WH06,11072.11,0,Net Banking,Delhi,1
ORD00333,CUST0134,2024-03-02,2024-03-04,2024-03-06,Delivered,WH03,1545.25,10,COD,Hyderabad,1
ORD00334,CUST0151,2024-05-30,2024-05-31,2024-06-03,Delivered,WH07,726.51,10,COD,Chennai,1
ORD00335,CUST0032,2024-04-03,2024-04-05,2024-04-07,Delivered,WH06,950.64,0,Net Banking,Pune,1
ORD00336,CUST0087,2024-10-20,2024-10-22,,In Transit,WH07,5781.45,20,Credit Card,Bengaluru,
ORD00337,CUST0115,2024-09-15,2024-09-17,2024-09-24,Delivered,WH03,10416.19,10,UPI,Lucknow,0
ORD00338,CUST0102,2024-12-06,2024-12-08,2024-12-11,Delivered,WH06,6560.78,15,COD,Delhi,1
ORD00339,CUST0198,2024-03-25,2024-03-28,2024-04-04,Delivered,WH05,6798.38,0,UPI,Chennai,0
ORD00340,CUST0134,2024-11-12,2024-11-13,2024-11-19,Delivered,WH04,9044.12,20,UPI,Delhi,0
ORD00341,CUST0005,2024-12-03,2024-12-04,,Cancelled,WH05,9473.07,5,Net Banking,Delhi,
ORD00342,CUST0012,2024-09-30,2024-10-02,2024-10-08,Delivered,WH08,10364.4,0,COD,Ahmedabad,0
ORD00343,CUST0098,2024-04-02,2024-04-05,2024-04-09,Delivered,WH05,1228.65,0,Credit Card,Hyderabad,1
ORD00344,CUST0040,2024-03-14,2024-03-15,,Shipped,WH05,11433.15,5,UPI,Lucknow,
ORD00345,CUST0015,2024-06-15,2024-06-18,,Shipped,WH05,4770.79,10,Credit Card,Ahmedabad,
ORD00346,CUST0014,2024-06-14,2024-06-15,,In Transit,WH04,2989.53,20,Credit Card,Pune,
ORD00347,CUST0069,2024-09-17,2024-09-19,2024-09-21,Delivered,WH01,3922.29,20,Net Banking,Delhi,1
ORD00348,CUST0163,2024-09-04,,,Placed,WH04,10977.76,0,COD,Jaipur,
ORD00349,CUST0167,2024-10-27,2024-10-28,2024-11-03,Delivered,WH03,3759.66,15,Net Banking,Delhi,0
ORD00350,CUST0139,2024-11-21,2024-11-22,2024-11-26,Delivered,WH03,9416.98,20,Net Banking,Jaipur,1
ORD00351,CUST0119,2024-08-19,,,Placed,WH05,7888.75,5,UPI,Mumbai,
ORD00352,CUST0175,2024-09-03,2024-09-05,,In Transit,WH07,11991.02,5,COD,Mumbai,
ORD00353,CUST0077,2024-03-23,2024-03-26,2024-03-28,Delivered,WH02,4834.36,0,Credit Card,Jaipur,1
ORD00354,CUST0130,2024-05-23,2024-05-24,2024-05-30,Delivered,WH06,10624.59,10,COD,Pune,0
ORD00355,CUST0088,2024-05-19,2024-05-21,,In Transit,WH04,5598.62,20,COD,Mumbai,
ORD00356,CUST0156,2024-12-20,2024-12-21,,Shipped,WH08,200.71,0,Credit Card,Ahmedabad,
ORD00357,CUST0196,2024-10-11,2024-10-14,2024-10-19,Delivered,WH07,6526.86,0,UPI,Pune,1
ORD00358,CUST0154,2024-12-10,2024-12-12,,Confirmed,WH06,4733.0,0,UPI,Pune,
ORD00359,CUST0003,2024-07-08,2024-07-10,,Cancelled,WH04,8956.26,10,COD,Chennai,
ORD00360,CUST0184,2024-02-16,2024-02-19,2024-02-23,Delivered,WH04,2925.96,15,COD,Mumbai,1
ORD00361,CUST0156,2024-05-23,2024-05-26,2024-06-02,Delivered,WH04,234.55,15,UPI,Hyderabad,0
ORD00362,CUST0050,2024-10-18,2024-10-19,2024-10-25,Delivered,WH03,924.52,5,UPI,Bengaluru,0
ORD00363,CUST0134,2024-05-12,2024-05-13,,Cancelled,WH05,2423.44,0,COD,Jaipur,
ORD00364,CUST0110,2024-08-20,,,Placed,WH01,10268.24,10,Net Banking,Ahmedabad,
ORD00365,CUST0120,2024-05-20,2024-05-23,,Confirmed,WH08,4433.44,0,Credit Card,Mumbai,
ORD00366,CUST0115,2024-05-22,2024-05-25,,Cancelled,WH06,211.14,5,COD,Delhi,
ORD00367,CUST0177,2024-10-19,2024-10-22,2024-10-25,Delivered,WH07,11499.64,5,Credit Card,Bengaluru,1
ORD00368,CUST0161,2024-06-17,2024-06-20,,In Transit,WH02,480.29,15,UPI,Lucknow,
ORD00369,CUST0064,2024-11-16,2024-11-18,,Cancelled,WH02,5761.88,10,UPI,Kolkata,
ORD00370,CUST0159,2024-09-23,2024-09-24,2024-09-30,Delivered,WH08,9204.57,15,UPI,Delhi,0
ORD00371,CUST0081,2024-02-01,2024-02-03,,Cancelled,WH02,9424.36,0,Net Banking,Mumbai,
ORD00372,CUST0027,2024-06-03,2024-06-05,2024-06-07,Delivered,WH01,6777.21,10,Net Banking,Ahmedabad,1
ORD00373,CUST0154,2024-02-19,2024-02-21,2024-02-24,Delivered,WH01,5522.92,15,Net Banking,Lucknow,1
ORD00374,CUST0173,2024-11-13,2024-11-16,,Confirmed,WH01,5530.81,10,Credit Card,Delhi,
ORD00375,CUST0183,2024-02-22,,,Placed,WH02,7175.71,5,Credit Card,Jaipur,
ORD00376,CUST0159,2024-05-11,2024-05-13,2024-05-20,Delivered,WH08,2353.19,5,UPI,Mumbai,0
ORD00377,CUST0132,2024-03-06,2024-03-08,,In Transit,WH06,3837.58,20,Credit Card,Bengaluru,
ORD00378,CUST0075,2024-08-28,2024-08-30,,In Transit,WH06,11647.71,20,Credit Card,Mumbai,
ORD00379,CUST0109,2024-05-01,2024-05-04,2024-05-06,Delivered,WH06,2465.57,5,Credit Card,Delhi,1
ORD00380,CUST0178,2024-06-23,2024-06-25,,Shipped,WH08,7257.18,10,COD,Lucknow,
ORD00381,CUST0117,2024-06-02,2024-06-03,2024-06-05,Delivered,WH01,6026.78,0,Credit Card,Chennai,1
ORD00382,CUST0189,2024-08-26,2024-08-27,2024-09-01,Delivered,WH06,9716.16,15,Credit Card,Ahmedabad,1
ORD00383,CUST0003,2024-04-04,2024-04-05,2024-04-09,Delivered,WH02,4390.96,20,UPI,Bengaluru,1
ORD00384,CUST0196,2024-05-28,2024-05-31,2024-06-06,Delivered,WH06,670.27,0,Credit Card,Chennai,0
ORD00385,CUST0185,2024-05-25,2024-05-27,,Shipped,WH03,4176.84,20,Credit Card,Bengaluru,
ORD00386,CUST0068,2024-04-10,,,Placed,WH02,398.78,5,Net Banking,Delhi,
ORD00387,CUST0117,2024-06-22,2024-06-24,,Cancelled,WH04,4530.24,10,Credit Card,Jaipur,
ORD00388,CUST0031,2024-11-15,2024-11-18,2024-11-20,Delivered,WH03,10610.27,5,Credit Card,Chennai,1
ORD00389,CUST0154,2024-09-29,2024-10-01,2024-10-05,Delivered,WH07,11727.23,5,UPI,Lucknow,1
ORD00390,CUST0076,2024-10-27,2024-10-30,,Shipped,WH03,4033.02,0,COD,Bengaluru,
ORD00391,CUST0126,2024-09-17,,,Backordered,WH04,8768.49,15,UPI,Bengaluru,
ORD00392,CUST0096,2024-09-17,2024-09-20,2024-09-26,Delivered,WH08,6298.87,5,COD,Kolkata,0
ORD00393,CUST0122,2024-09-26,2024-09-29,2024-10-04,Delivered,WH05,7037.06,20,UPI,Chennai,1
ORD00394,CUST0102,2024-04-22,2024-04-24,2024-04-27,Delivered,WH04,3776.09,15,Credit Card,Kolkata,1
ORD00395,CUST0076,2024-05-10,2024-05-11,2024-05-13,Delivered,WH08,6298.03,5,UPI,Pune,1
ORD00396,CUST0120,2024-09-19,2024-09-21,2024-09-26,Delivered,WH07,4996.09,15,COD,Hyderabad,1
ORD00397,CUST0114,2024-07-14,,,Placed,WH04,3297.65,0,COD,Delhi,
ORD00398,CUST0165,2024-05-30,2024-06-02,2024-06-08,Delivered,WH02,9462.6,5,UPI,Delhi,0
ORD00399,CUST0086,2024-02-06,2024-02-09,2024-02-12,Delivered,WH04,8150.02,10,COD,Hyderabad,1
ORD00400,CUST0190,2024-04-07,2024-04-08,2024-04-15,Delivered,WH05,251.13,10,COD,Kolkata,0
ORD00401,CUST0194,2024-07-25,2024-07-28,,Cancelled,WH01,5743.25,20,Credit Card,Ahmedabad,
ORD00402,CUST0054,2024-04-26,2024-04-29,,Shipped,WH08,2919.62,20,Net Banking,Pune,
ORD00403,CUST0110,2024-06-23,2024-06-25,2024-06-28,Delivered,WH07,2633.58,15,UPI,Kolkata,1
ORD00404,CUST0189,2024-03-12,2024-03-13,2024-03-17,Delivered,WH01,6072.63,10,COD,Chennai,1
ORD00405,CUST0138,2024-08-02,2024-08-04,2024-08-11,Delivered,WH05,4014.04,0,UPI,Bengaluru,0
ORD00406,CUST0085,2024-03-19,,,Backordered,WH07,11765.04,5,Net Banking,Delhi,
ORD00407,CUST0085,2024-09-30,2024-10-02,2024-10-04,Delivered,WH08,7722.19,10,UPI,Bengaluru,1
ORD00408,CUST0177,2024-02-23,2024-02-24,2024-02-26,Delivered,WH08,468.04,5,UPI,Ahmedabad,1
ORD00409,CUST0169,2024-05-25,2024-05-27,,Shipped,WH02,5537.76,10,UPI,Bengaluru,
ORD00410,CUST0041,2024-06-16,2024-06-18,2024-06-23,Delivered,WH02,1680.28,15,Net Banking,Delhi,1
ORD00411,CUST0053,2024-07-18,,,Backordered,WH03,10464.82,10,Net Banking,Pune,
ORD00412,CUST0052,2024-03-22,2024-03-24,2024-03-30,Delivered,WH08,3413.98,0,Credit Card,Pune,0
ORD00413,CUST0135,2024-02-02,2024-02-05,2024-02-08,Delivered,WH06,10937.09,15,Net Banking,Pune,1
ORD00414,CUST0024,2024-10-21,,,Placed,WH05,7808.64,15,COD,Hyderabad,
ORD00415,CUST0064,2024-07-19,2024-07-20,2024-07-25,Delivered,WH03,10814.58,15,Net Banking,Ahmedabad,1
ORD00416,CUST0025,2024-12-03,2024-12-06,,Shipped,WH07,8428.94,0,Credit Card,Bengaluru,
ORD00417,CUST0171,2024-05-20,2024-05-23,2024-05-27,Delivered,WH02,8421.82,5,Net Banking,Ahmedabad,1
ORD00418,CUST0020,2024-10-10,2024-10-12,,Confirmed,WH02,6127.08,10,Net Banking,Pune,
ORD00419,CUST0012,2024-03-25,2024-03-28,,In Transit,WH08,466.61,15,Net Banking,Kolkata,
ORD00420,CUST0003,2024-07-23,2024-07-25,2024-07-27,Delivered,WH05,1508.99,5,COD,Pune,1
ORD00421,CUST0169,2024-09-05,2024-09-06,2024-09-12,Delivered,WH04,8605.94,15,Credit Card,Pune,0
ORD00422,CUST0156,2024-05-22,2024-05-23,2024-05-25,Delivered,WH02,2250.25,0,Net Banking,Bengaluru,1
ORD00423,CUST0070,2024-02-09,2024-02-10,2024-02-17,Delivered,WH03,5371.8,5,Credit Card,Mumbai,0
ORD00424,CUST0013,2024-12-11,2024-12-13,2024-12-20,Delivered,WH02,4778.83,10,Net Banking,Mumbai,0
ORD00425,CUST0198,2024-11-02,,,Placed,WH07,9240.3,5,COD,Chennai,
ORD00426,CUST0008,2024-04-12,2024-04-14,,Confirmed,WH01,4144.83,5,UPI,Chennai,
ORD00427,CUST0186,2024-02-19,2024-02-22,2024-02-25,Delivered,WH03,671.55,20,UPI,Kolkata,1
ORD00428,CUST0054,2024-06-14,2024-06-15,2024-06-21,Delivered,WH07,11276.24,0,Credit Card,Chennai,0
ORD00429,CUST0103,2024-02-24,2024-02-25,2024-02-27,Delivered,WH06,291.98,5,Net Banking,Chennai,1
ORD00430,CUST0160,2024-02-03,2024-02-05,2024-02-12,Delivered,WH06,670.68,5,Net Banking,Hyderabad,0
ORD00431,CUST0138,2024-11-02,2024-11-03,2024-11-10,Delivered,WH03,3135.49,0,COD,Ahmedabad,0
ORD00432,CUST0035,2024-12-13,2024-12-16,,Cancelled,WH06,2227.67,10,Net Banking,Delhi,
ORD00433,CUST0150,2024-06-20,,,Placed,WH08,4681.1,5,UPI,Chennai,
ORD00434,CUST0061,2024-01-11,2024-01-12,2024-01-16,Delivered,WH07,9123.36,20,UPI,Mumbai,1
ORD00435,CUST0039,2024-03-11,2024-03-13,2024-03-16,Delivered,WH07,2571.97,0,Credit Card,Lucknow,1
ORD00436,CUST0072,2024-08-15,2024-08-17,2024-08-20,Delivered,WH06,7776.68,0,Net Banking,Hyderabad,1
ORD00437,CUST0085,2024-01-13,2024-01-16,,Shipped,WH06,3020.65,20,UPI,Chennai,
ORD00438,CUST0098,2024-12-17,2024-12-18,2024-12-24,Delivered,WH06,2325.01,0,UPI,Pune,0
ORD00439,CUST0014,2024-02-05,,,Backordered,WH03,11268.55,5,UPI,Bengaluru,
ORD00440,CUST0130,2024-10-30,2024-10-31,2024-11-03,Delivered,WH02,5200.94,15,COD,Bengaluru,1
ORD00441,CUST0156,2024-04-11,2024-04-12,,In Transit,WH04,3741.74,20,Net Banking,Chennai,
ORD00442,CUST0093,2024-05-19,2024-05-21,2024-05-23,Delivered,WH07,4625.95,15,Net Banking,Ahmedabad,1
ORD00443,CUST0124,2024-09-15,2024-09-17,2024-09-20,Delivered,WH01,9178.86,15,UPI,Hyderabad,1
ORD00444,CUST0045,2024-10-31,2024-11-03,2024-11-10,Delivered,WH05,4658.34,10,Net Banking,Hyderabad,0
ORD00445,CUST0086,2024-07-11,2024-07-13,2024-07-15,Delivered,WH03,8621.13,5,Credit Card,Chennai,1
ORD00446,CUST0129,2024-01-03,,,Placed,WH06,5973.73,15,Net Banking,Kolkata,
ORD00447,CUST0019,2024-07-15,2024-07-18,2024-07-24,Delivered,WH07,10637.25,0,Net Banking,Lucknow,0
ORD00448,CUST0066,2024-03-24,2024-03-26,,Shipped,WH06,6188.86,15,COD,Mumbai,
ORD00449,CUST0064,2024-11-29,2024-12-01,2024-12-08,Delivered,WH04,5811.05,10,UPI,Bengaluru,0
ORD00450,CUST0066,2024-05-13,2024-05-16,2024-05-19,Delivered,WH04,7285.47,5,UPI,Delhi,1
ORD00451,CUST0181,2024-02-17,2024-02-19,2024-02-24,Delivered,WH02,6294.66,5,Net Banking,Bengaluru,1
ORD00452,CUST0129,2024-08-06,2024-08-08,,In Transit,WH07,7095.05,15,UPI,Delhi,
ORD00453,CUST0069,2024-11-21,2024-11-23,2024-11-26,Delivered,WH04,11170.7,15,COD,Mumbai,1
ORD00454,CUST0018,2024-03-27,2024-03-28,2024-03-30,Delivered,WH07,6370.8,10,Net Banking,Bengaluru,1
ORD00455,CUST0051,2024-03-31,2024-04-03,2024-04-06,Delivered,WH08,2306.51,0,Net Banking,Lucknow,1
ORD00456,CUST0192,2024-04-18,2024-04-19,,Shipped,WH03,9738.77,5,COD,Ahmedabad,
ORD00457,CUST0163,2024-08-13,2024-08-16,2024-08-18,Delivered,WH03,1095.75,0,Net Banking,Delhi,1
ORD00458,CUST0150,2024-05-21,2024-05-22,,Confirmed,WH04,5813.08,0,UPI,Mumbai,
ORD00459,CUST0150,2024-05-16,2024-05-17,2024-05-24,Delivered,WH01,1297.58,20,UPI,Ahmedabad,0
ORD00460,CUST0122,2024-11-04,2024-11-06,2024-11-11,Delivered,WH06,7311.8,10,COD,Kolkata,1
ORD00461,CUST0103,2024-06-10,2024-06-12,2024-06-19,Delivered,WH07,7388.09,10,COD,Delhi,0
ORD00462,CUST0186,2024-01-02,2024-01-05,2024-01-10,Delivered,WH03,454.31,0,COD,Chennai,1
ORD00463,CUST0122,2024-07-07,2024-07-10,2024-07-17,Delivered,WH07,7973.71,0,COD,Mumbai,0
ORD00464,CUST0084,2024-11-20,2024-11-21,2024-11-28,Delivered,WH08,2917.67,15,Net Banking,Lucknow,0
ORD00465,CUST0180,2024-02-11,2024-02-13,2024-02-20,Delivered,WH02,8851.19,10,Credit Card,Bengaluru,0
ORD00466,CUST0009,2024-09-23,2024-09-26,2024-10-02,Delivered,WH03,6050.41,0,COD,Jaipur,0
ORD00467,CUST0030,2024-08-27,2024-08-29,,Shipped,WH08,8002.31,5,Credit Card,Chennai,
ORD00468,CUST0023,2024-03-28,2024-03-31,2024-04-07,Delivered,WH02,5303.49,0,Credit Card,Kolkata,0
ORD00469,CUST0066,2024-07-15,2024-07-16,2024-07-23,Delivered,WH08,11425.32,0,Credit Card,Jaipur,0
ORD00470,CUST0086,2024-11-20,2024-11-21,2024-11-28,Delivered,WH04,11191.59,20,UPI,Kolkata,0
ORD00471,CUST0189,2024-07-12,2024-07-15,,Cancelled,WH07,7898.95,20,Net Banking,Chennai,
ORD00472,CUST0023,2024-04-24,2024-04-26,,In Transit,WH02,1206.3,20,Credit Card,Delhi,
ORD00473,CUST0148,2024-10-20,2024-10-22,2024-10-27,Delivered,WH01,3832.97,20,Credit Card,Ahmedabad,1
ORD00474,CUST0174,2024-08-04,2024-08-06,,In Transit,WH03,6309.05,20,Credit Card,Delhi,
ORD00475,CUST0118,2024-07-21,,,Placed,WH06,1864.7,10,Credit Card,Pune,
ORD00476,CUST0038,2024-12-14,2024-12-17,2024-12-21,Delivered,WH01,7246.73,10,UPI,Hyderabad,1
ORD00477,CUST0127,2024-12-27,2024-12-30,2025-01-02,Delivered,WH05,8494.06,15,UPI,Kolkata,1
ORD00478,CUST0058,2024-03-19,2024-03-20,2024-03-27,Delivered,WH01,11089.42,5,Net Banking,Ahmedabad,0
ORD00479,CUST0169,2024-06-02,,,Backordered,WH03,11894.1,20,Net Banking,Kolkata,
ORD00480,CUST0101,2024-08-04,2024-08-06,2024-08-11,Delivered,WH02,6404.96,10,COD,Chennai,1
ORD00481,CUST0034,2024-12-24,2024-12-26,2024-12-28,Delivered,WH06,9064.36,20,UPI,Hyderabad,1
ORD00482,CUST0114,2024-08-22,2024-08-25,2024-08-28,Delivered,WH08,3599.32,5,Credit Card,Chennai,1
ORD00483,CUST0186,2024-04-10,2024-04-11,2024-04-15,Delivered,WH02,8188.07,5,Net Banking,Ahmedabad,1
ORD00484,CUST0092,2024-12-13,2024-12-14,2024-12-16,Delivered,WH08,2278.65,0,UPI,Jaipur,1
ORD00485,CUST0161,2024-11-28,2024-11-30,2024-12-03,Delivered,WH07,3053.26,0,Credit Card,Ahmedabad,1
ORD00486,CUST0045,2024-09-07,2024-09-10,,In Transit,WH07,9343.82,0,Net Banking,Ahmedabad,
ORD00487,CUST0003,2024-05-20,2024-05-22,2024-05-26,Delivered,WH02,1532.04,0,Net Banking,Jaipur,1
ORD00488,CUST0147,2024-04-25,,,Placed,WH08,3393.64,0,Credit Card,Ahmedabad,
ORD00489,CUST0180,2024-09-04,,,Backordered,WH07,3685.61,5,UPI,Kolkata,
ORD00490,CUST0104,2024-02-02,2024-02-05,2024-02-08,Delivered,WH01,4816.49,20,Net Banking,Delhi,1
ORD00491,CUST0167,2024-09-22,2024-09-25,2024-10-02,Delivered,WH02,9079.07,5,UPI,Bengaluru,0
ORD00492,CUST0115,2024-11-02,2024-11-03,2024-11-09,Delivered,WH06,1608.09,5,Credit Card,Bengaluru,0
ORD00493,CUST0032,2024-02-14,2024-02-15,2024-02-17,Delivered,WH05,4458.18,20,Credit Card,Ahmedabad,1
ORD00494,CUST0077,2024-12-02,,,Placed,WH01,11362.64,20,COD,Jaipur,
ORD00495,CUST0178,2024-08-15,2024-08-17,,Shipped,WH06,6343.6,10,Credit Card,Delhi,
ORD00496,CUST0049,2024-12-05,2024-12-06,2024-12-08,Delivered,WH03,3701.55,5,Credit Card,Lucknow,1
ORD00497,CUST0072,2024-10-09,2024-10-11,,Shipped,WH03,8789.89,15,UPI,Jaipur,
ORD00498,CUST0042,2024-05-10,2024-05-13,,In Transit,WH07,5554.4,10,Net Banking,Bengaluru,
ORD00499,CUST0188,2024-10-01,2024-10-04,,Shipped,WH05,11945.01,5,COD,Lucknow,
ORD00500,CUST0042,2024-12-02,2024-12-05,2024-12-11,Delivered,WH07,9885.58,10,Net Banking,Ahmedabad,0
